segment_idx,openarm_left_joint1,openarm_left_joint2,openarm_left_joint3,openarm_left_joint4,openarm_left_joint5,openarm_left_joint6,openarm_left_joint7,openarm_right_joint1,openarm_right_joint2,openarm_right_joint3,openarm_right_joint4,openarm_right_joint5,openarm_right_joint6,openarm_right_joint7
1,0.0029057198390365366,0.007180988625623287,0.007861862420104433,-0.00761378415394554,-0.006869174200110168,0.00390845347661523,0.009126764433458437,-0.0029057198390365366,-0.007180988625623287,-0.007861862420104433,-0.00761378415394554,0.006869174200110168,-0.00390845347661523,-0.009126764433458437
1,0.005802787334935042,0.006968646247224407,0.007924111949638296,-0.002613784153945543,-0.006963256036995651,0.004063981733989195,0.0075901881059818686,-0.005802787334935042,-0.006968646247224407,-0.007924111949638296,-0.002613784153945543,0.006963256036995651,-0.004063981733989195,-0.0075901881059818686
1,0.014493989822630535,0.006331619112027769,0.008110860538239891,0.01238621584605441,-0.007245501547652102,0.004530566506111092,0.0029804591235521828,-0.014493989822630535,-0.006331619112027769,-0.008110860538239891,0.01238621584605441,0.007245501547652102,-0.004530566506111092,-0.0029804591235521828
1,0.028979327302123006,0.005269907220033374,0.008422108185909213,0.037386215846054296,-0.007715910732079516,0.005308207792980918,-0.004702422513830619,-0.028979327302123006,-0.005269907220033374,-0.008422108185909213,0.037386215846054296,0.007715910732079516,-0.005308207792980918,0.004702422513830619
1,0.049258799773412416,0.003783510571241223,0.00885785489264626,0.07238621584605406,-0.008374483590277898,0.00639690559459867,-0.015458456806166521,-0.049258799773412416,-0.003783510571241223,-0.00885785489264626,0.07238621584605406,0.008374483590277898,-0.00639690559459867,0.015458456806166521
1,0.0753324025854342,0.001872429506554013,0.00941810055851323,0.11738620781885967,-0.00922121997120461,0.007796659661273251,-0.029287641286576245,-0.0753324025854342,-0.001872429506554013,-0.00941810055851323,0.11738620781885967,0.00922121997120461,-0.007796659661273251,0.029287641286576245
1,0.10720013087025884,-0.0004633356172303152,0.010102845078912508,0.17238618336299363,-0.01025611971677437,0.009507469731671228,-0.04618997337315752,-0.10720013087025884,0.0004633356172303152,-0.010102845078912508,0.17238618336299363,0.01025611971677437,-0.009507469731671228,0.04618997337315752
1,0.14486198995452865,-0.003223785190531344,0.010912088568298105,0.23738615167161808,-0.011479182999969091,0.0115293360917519,-0.06616545589110942,-0.14486198995452865,0.003223785190531344,-0.010912088568298105,0.23738615167161808,0.011479182999969091,-0.0115293360917519,0.06616545589110942
1,0.18831797757008442,-0.006408919047102925,0.011845830977933893,0.3123861088301553,-0.012890409747130644,0.013862258619749778,-0.08921408763742243,-0.18831797757008442,0.006408919047102925,-0.011845830977933893,0.3123861088301553,0.012890409747130644,-0.013862258619749778,0.08921408763742243
1,0.23756809210953975,-0.010018737069130666,0.012904072273281829,0.3973860520644442,-0.014489799906059392,0.01650623722937277,-0.11533586775955448,-0.23756809210953975,0.010018737069130666,-0.012904072273281829,0.3973860520644442,0.014489799906059392,-0.01650623722937277,0.11533586775955448
1,0.2926123372648987,-0.014053239527222317,0.014086812533672312,0.4923859877464525,-0.016277353596652618,0.019461272118825087,-0.14453079821570858,-0.2926123372648987,0.014053239527222317,-0.014086812533672312,0.4923859877464525,0.016277353596652618,-0.019461272118825087,0.14453079821570858
1,0.35345071216566426,-0.018512426357574253,0.015394051740400897,0.5973859143738038,-0.01825307079064106,0.02272736324137433,-0.17679887854418147,-0.35345071216566426,0.018512426357574253,-0.015394051740400897,0.5973859143738038,0.01825307079064106,-0.02272736324137433,0.17679887854418147
1,0.42008321663492243,-0.023396297547219457,0.016825789889666223,0.7123858316411655,-0.020416951482279466,0.026304510587522936,-0.21214010865113986,-0.42008321663492243,0.023396297547219457,-0.016825789889666223,0.7123858316411655,0.020416951482279466,-0.026304510587522936,0.21214010865113986
1,0.4925098509576914,-0.028704853117048505,0.01838202698759249,0.8373857400404454,-0.022768995680823755,0.030192714172572004,-0.2505544886877544,-0.4925098509576914,0.028704853117048505,-0.01838202698759249,0.8373857400404454,0.022768995680823755,-0.030192714172572004,0.2505544886877544
1,0.5707306145584422,-0.034438093024877645,0.020062763021813267,0.9723856385783479,-0.025309203367583712,0.034391973965624434,-0.29204201834877025,-0.5707306145584422,0.034438093024877645,-0.020062763021813267,0.9723856385783479,0.025309203367583712,-0.034391973965624434,0.29204201834877025
1,0.6544625870520773,-0.0405752804437071,0.021861918858551797,1.1168972397270571,-0.028028386745050295,0.03888710146502051,-0.3364526394229388,-0.6544625870520773,0.0405752804437071,-0.021861918858551797,1.1168972397270571,0.028028386745050295,-0.03888710146502051,0.3364526394229388
1,0.7359167879610773,-0.046545517166214995,0.023612132028359066,1.2574776732590993,-0.030673599828420727,0.043259947434643536,-0.3796551526772846,-0.7359167879610773,0.046545517166214995,-0.023612132028359066,1.2574776732590993,0.030673599828420727,-0.043259947434643536,0.3796551526772846
1,0.8115768538782799,-0.05209106913192513,0.025237846139098602,1.3880581067911413,-0.033130649238020185,0.04732173688951863,-0.41978451327667715,-0.8115768538782799,0.05209106913192513,-0.025237846139098602,1.3880581067911413,0.033130649238020185,-0.04732173688951863,0.41978451327667715
1,0.8814427848036853,-0.05721193634083746,0.0267390611907704,1.5086385403231826,-0.035399534973848665,0.051072469829645764,-0.45684072122111635,-0.8814427848036853,0.05721193634083746,-0.0267390611907704,1.5086385403231826,0.035399534973848665,-0.051072469829645764,0.45684072122111635
1,0.9455145807372936,-0.06190811879295202,0.02811577718337447,1.6192189738552232,-0.03748025703590617,0.05451214625502496,-0.4908237765106024,-0.9455145807372936,0.06190811879295202,-0.02811577718337447,1.6192189738552232,0.03748025703590617,-0.05451214625502496,0.4908237765106024
1,1.003792241679104,-0.0661796164882688,0.02936799411691079,1.7197994073872631,-0.03937281542419269,0.05764076616565618,-0.521733679145135,-1.003792241679104,0.0661796164882688,-0.02936799411691079,1.7197994073872631,0.03937281542419269,-0.05764076616565618,0.521733679145135
1,1.056275767629118,-0.0700264294267878,0.03049571199137939,1.8103798409193033,-0.041077210138708256,0.0604583295615395,-0.5495704291247145,-1.056275767629118,0.0700264294267878,-0.03049571199137939,1.8103798409193033,0.041077210138708256,-0.0604583295615395,0.5495704291247145
1,1.1029651585873348,-0.07344855760850907,0.03149893080678026,1.8909602744513436,-0.04259344117945285,0.06296483644267488,-0.5743340264493411,-1.1029651585873348,0.07344855760850907,-0.03149893080678026,1.8909602744513436,0.04259344117945285,-0.06296483644267488,0.5743340264493411
1,1.143860414553753,-0.07644600103343246,0.03237765056311337,1.961540707983381,-0.043921508546426416,0.06516028680906222,-0.5960244711190134,-1.143860414553753,0.07644600103343246,-0.03237765056311337,1.961540707983381,0.043921508546426416,-0.06516028680906222,0.5960244711190134
1,1.178961535528374,-0.07901875970155806,0.03313187126037875,2.0221211415154183,-0.04506141223962902,0.06704468066070166,-0.6146417631337326,-1.178961535528374,0.07901875970155806,-0.03313187126037875,2.0221211415154183,0.04506141223962902,-0.06704468066070166,0.6146417631337326
1,1.208268521511198,-0.08116683361288593,0.033761592898576394,2.0727015750474562,-0.046013152259060656,0.06861801799759315,-0.6301859024934988,-1.208268521511198,0.08116683361288593,-0.033761592898576394,2.0727015750474562,0.046013152259060656,-0.06861801799759315,0.6301859024934988
1,1.2317813725022262,-0.08289022276741609,0.03426681547770633,2.113282008579495,-0.04677672860472136,0.06988029881973677,-0.6426568891983122,-1.2317813725022262,0.08289022276741609,-0.03426681547770633,2.113282008579495,0.04677672860472136,-0.06988029881973677,0.6426568891983122
1,1.2495000885014573,-0.08418892716514852,0.03464753899776855,2.1438624421115344,-0.04735214127661111,0.07083152312713248,-0.6520547232481728,-1.2495000885014573,0.08418892716514852,-0.03464753899776855,2.1438624421115344,0.04735214127661111,-0.07083152312713248,0.6520547232481728
1,1.261424669508891,-0.08506294680608315,0.03490376345876302,2.164442875643573,-0.047739390274729857,0.07147169091978021,-0.6583794046430799,-1.261424669508891,0.08506294680608315,-0.03490376345876302,2.164442875643573,0.047739390274729857,-0.07147169091978021,0.6583794046430799
1,1.2675551155245282,-0.08551228169022002,0.03503548886068977,2.175023309175612,-0.047938475599077664,0.07180080219768004,-0.661630933383034,-1.2675551155245282,0.08551228169022002,-0.03503548886068977,2.175023309175612,0.047938475599077664,-0.07180080219768004,0.661630933383034
1,1.268457298220194,-0.08557840773651314,0.03505487413508822,2.1765803710958873,-0.04796777384819845,0.07184923562309678,-0.662109442280456,-1.268457298220194,0.08557840773651314,-0.03505487413508822,2.1765803710958873,0.04796777384819845,-0.07184923562309678,0.662109442280456
